subsample,test_mse
0.5,0.2759909207870857
0.8,0.27322047972780905
1.0,0.2710891955386429
