max_depth,test_mse
2,0.3168765669176083
3,0.2710891955386429
5,0.233565103554394
