learning_rate,test_mse
0.01,0.5026828170732455
0.1,0.2601530179445039
0.2,0.23676681542404104
